type,ins,i30,i25,i14,i13,i12,i6,i5,i4 ,i3,i2,ibin,ssel1,ssel0,lsel2,lsel1,lsel0,brsel3,brsel2,brsel1,brsel0,as4,as3,as2,as1,as0,regwen,is2,is1,is0,bsel,obin
ALU,add,0,0,0,0,0,0,1,1,0,0,0000001100,0,0,0,0,0,0,0,0,0,0,0,0,0,0,1,0,0,0,0,0000000000000010000
,sub,1,0,0,0,0,0,1,1,0,0,1000001100,0,0,0,0,0,0,0,0,0,0,1,0,0,0,1,0,0,0,0,0000000000100010000
,or,0,0,1,1,0,0,1,1,0,0,0011001100,0,0,0,0,0,0,0,0,0,0,0,1,1,0,1,0,0,0,0,0000000000011010000
,and,0,0,1,1,1,0,1,1,0,0,0011101100,0,0,0,0,0,0,0,0,0,0,0,1,1,1,1,0,0,0,0,0000000000011110000
,sll,0,0,0,0,1,0,1,1,0,0,0000101100,0,0,0,0,0,0,0,0,0,0,0,0,0,1,1,0,0,0,0,0000000000000110000
,srl,0,0,1,0,1,0,1,1,0,0,0010101100,0,0,0,0,0,0,0,0,0,0,0,1,0,1,1,0,0,0,0,0000000000010110000
,sra,1,0,1,0,1,0,1,1,0,0,1010101100,0,0,0,0,0,0,0,0,0,0,1,1,0,1,1,0,0,0,0,0000000000110110000
,slt,0,0,0,1,0,0,1,1,0,0,0001001100,0,0,0,0,0,0,0,0,0,0,0,0,1,0,1,0,0,0,0,0000000000001010000
,sltu,0,0,0,1,1,0,1,1,0,0,0001101100,0,0,0,0,0,0,0,0,0,0,0,0,1,1,1,0,0,0,0,0000000000001110000
,xor,0,0,1,0,0,0,1,1,0,0,0010001100,0,0,0,0,0,0,0,0,0,0,0,1,0,0,1,0,0,0,0,0000000000010010000
,mul,0,1,0,0,0,0,1,1,0,0,0100001100,0,0,0,0,0,0,0,0,0,1,1,1,1,0,1,0,0,0,0,0000000001111010000
,mulh,0,1,0,0,1,0,1,1,0,0,0100101100,0,0,0,0,0,0,0,0,0,1,1,1,1,1,1,0,0,0,0,0000000001111110000
,mulhsu,0,1,0,1,0,0,1,1,0,0,0101001100,0,0,0,0,0,0,0,0,0,1,1,0,0,0,1,0,0,0,0,0000000001100010000
,mulhu,0,1,0,1,1,0,1,1,0,0,0101101100,0,0,0,0,0,0,0,0,0,1,1,0,0,1,1,0,0,0,0,0000000001100110000
,div,0,1,1,0,0,0,1,1,0,0,0110001100,0,0,0,0,0,0,0,0,0,1,0,0,1,0,1,0,0,0,0,0000000001001010000
,divu,0,1,1,0,1,0,1,1,0,0,0110101100,0,0,0,0,0,0,0,0,0,1,0,0,1,1,1,0,0,0,0,0000000001001110000
,rem,0,1,1,1,0,0,1,1,0,0,0111001100,0,0,0,0,0,0,0,0,0,1,0,1,0,0,1,0,0,0,0,0000000001010010000
,remu,0,1,1,1,1,0,1,1,0,0,0111101100,0,0,0,0,0,0,0,0,0,1,0,1,0,1,1,0,0,0,0,0000000001010110000
ALU IMM,addi,0,0,0,0,0,0,0,1,0,0,0000000100,0,0,0,0,0,0,0,0,0,0,0,0,0,0,1,0,0,0,1,0000000000000010001
,,1,1,0,0,0,0,0,1,0,0,1100000100,0,0,0,0,0,0,0,0,0,0,0,0,0,0,1,0,0,0,1,0000000000000010001
,,0,1,0,0,0,0,0,1,0,0,0100000100,0,0,0,0,0,0,0,0,0,0,0,0,0,0,1,0,0,0,1,0000000000000010001
,,1,0,0,0,0,0,0,1,0,0,1000000100,0,0,0,0,0,0,0,0,0,0,0,0,0,0,1,0,0,0,1,0000000000000010001
,xori,0,0,1,0,0,0,0,1,0,0,0010000100,0,0,0,0,0,0,0,0,0,0,0,1,0,0,1,0,0,0,1,0000000000010010001
,,1,1,1,0,0,0,0,1,0,0,1110000100,0,0,0,0,0,0,0,0,0,0,0,1,0,0,1,0,0,0,1,0000000000010010001
,,0,1,1,0,0,0,0,1,0,0,0110000100,0,0,0,0,0,0,0,0,0,0,0,1,0,0,1,0,0,0,1,0000000000010010001
,,1,0,1,0,0,0,0,1,0,0,1010000100,0,0,0,0,0,0,0,0,0,0,0,1,0,0,1,0,0,0,1,0000000000010010001
,ori,0,0,1,1,0,0,0,1,0,0,0011000100,0,0,0,0,0,0,0,0,0,0,0,1,1,0,1,0,0,0,1,0000000000011010001
,,1,1,1,1,0,0,0,1,0,0,1111000100,0,0,0,0,0,0,0,0,0,0,0,1,1,0,1,0,0,0,1,0000000000011010001
,,0,1,1,1,0,0,0,1,0,0,0111000100,0,0,0,0,0,0,0,0,0,0,0,1,1,0,1,0,0,0,1,0000000000011010001
,,1,0,1,1,0,0,0,1,0,0,1011000100,0,0,0,0,0,0,0,0,0,0,0,1,1,0,1,0,0,0,1,0000000000011010001
,andi,0,0,1,1,1,0,0,1,0,0,0011100100,0,0,0,0,0,0,0,0,0,0,0,1,1,1,1,0,0,0,1,0000000000011110001
,,1,1,1,1,1,0,0,1,0,0,1111100100,0,0,0,0,0,0,0,0,0,0,0,1,1,1,1,0,0,0,1,0000000000011110001
,,0,1,1,1,1,0,0,1,0,0,0111100100,0,0,0,0,0,0,0,0,0,0,0,1,1,1,1,0,0,0,1,0000000000011110001
,,1,0,1,1,1,0,0,1,0,0,1011100100,0,0,0,0,0,0,0,0,0,0,0,1,1,1,1,0,0,0,1,0000000000011110001
,slli,0,0,0,0,1,0,0,1,0,0,0000100100,0,0,0,0,0,0,0,0,0,0,0,0,0,1,1,0,0,0,1,0000000000000110001
,srli,0,0,1,0,1,0,0,1,0,0,0010100100,0,0,0,0,0,0,0,0,0,0,0,1,0,1,1,0,0,0,1,0000000000010110001
,srai,1,0,1,0,1,0,0,1,0,0,1010100100,0,0,0,0,0,0,0,0,0,0,1,1,0,1,1,0,0,0,1,0000000000110110001
,slti,0,0,0,1,0,0,0,1,0,0,0001000100,0,0,0,0,0,0,0,0,0,0,0,0,1,0,1,0,0,0,1,0000000000001010001
,,1,1,0,1,0,0,0,1,0,0,1101000100,0,0,0,0,0,0,0,0,0,0,0,0,1,0,1,0,0,0,1,0000000000001010001
,,0,1,0,1,0,0,0,1,0,0,0101000100,0,0,0,0,0,0,0,0,0,0,0,0,1,0,1,0,0,0,1,0000000000001010001
,,1,0,0,1,0,0,0,1,0,0,1001000100,0,0,0,0,0,0,0,0,0,0,0,0,1,0,1,0,0,0,1,0000000000001010001
,sltiu,0,0,0,1,1,0,0,1,0,0,0001100100,0,0,0,0,0,0,0,0,0,0,0,0,1,1,1,0,0,0,1,0000000000001110001
,,0,1,0,1,1,0,0,1,0,0,0101100100,0,0,0,0,0,0,0,0,0,0,0,0,1,1,1,0,0,0,1,0000000000001110001
,,1,0,0,1,1,0,0,1,0,0,1001100100,0,0,0,0,0,0,0,0,0,0,0,0,1,1,1,0,0,0,1,0000000000001110001
,,1,1,0,1,1,0,0,1,0,0,1101100100,0,0,0,0,0,0,0,0,0,0,0,0,1,1,1,0,0,0,1,0000000000001110001
BRANCH,beq,0,0,0,0,0,1,1,0,0,0,0000011000,0,0,0,0,0,0,0,0,1,0,1,0,1,0,0,0,1,0,0,0000000010101000100
,,1,0,0,0,0,1,1,0,0,0,1000011000,0,0,0,0,0,0,0,0,1,0,1,0,1,0,0,0,1,0,0,0000000010101000100
,,0,1,0,0,0,1,1,0,0,0,0100011000,0,0,0,0,0,0,0,0,1,0,1,0,1,0,0,0,1,0,0,0000000010101000100
,,1,1,0,0,0,1,1,0,0,0,1100011000,0,0,0,0,0,0,0,0,1,0,1,0,1,0,0,0,1,0,0,0000000010101000100
,bne,0,0,0,0,1,1,1,0,0,0,0000111000,0,0,0,0,0,0,0,1,0,0,1,0,0,1,0,0,1,0,0,0000000100100100100
,,1,0,0,0,1,1,1,0,0,0,1000111000,0,0,0,0,0,0,0,1,0,0,1,0,0,1,0,0,1,0,0,0000000100100100100
,,0,1,0,0,1,1,1,0,0,0,0100111000,0,0,0,0,0,0,0,1,0,0,1,0,0,1,0,0,1,0,0,0000000100100100100
,,1,1,0,0,1,1,1,0,0,0,1100111000,0,0,0,0,0,0,0,1,0,0,1,0,0,1,0,0,1,0,0,0000000100100100100
,blt,0,0,1,0,0,1,1,0,0,0,0010011000,0,0,0,0,0,0,0,1,1,0,0,0,1,0,0,0,1,0,0,0000000110001000100
,,1,0,1,0,0,1,1,0,0,0,1010011000,0,0,0,0,0,0,0,1,1,0,0,0,1,0,0,0,1,0,0,0000000110001000100
,,0,1,1,0,0,1,1,0,0,0,0110011000,0,0,0,0,0,0,0,1,1,0,0,0,1,0,0,0,1,0,0,0000000110001000100
,,1,1,1,0,0,1,1,0,0,0,1110011000,0,0,0,0,0,0,0,1,1,0,0,0,1,0,0,0,1,0,0,0000000110001000100
,bge,0,0,1,0,1,1,1,0,0,0,0010111000,0,0,0,0,0,0,1,0,0,0,1,0,1,1,0,0,1,0,0,0000001000101100100
,,1,0,1,0,1,1,1,0,0,0,1010111000,0,0,0,0,0,0,1,0,0,0,1,0,1,1,0,0,1,0,0,0000001000101100100
,,0,1,1,0,1,1,1,0,0,0,0110111000,0,0,0,0,0,0,1,0,0,0,1,0,1,1,0,0,1,0,0,0000001000101100100
,,1,1,1,0,1,1,1,0,0,0,1110111000,0,0,0,0,0,0,1,0,0,0,1,0,1,1,0,0,1,0,0,0000001000101100100
,bltu,0,0,1,1,0,1,1,0,0,0,0011011000,0,0,0,0,0,0,1,0,1,0,0,0,1,1,0,0,1,0,0,0000001010001100100
,,1,0,1,1,0,1,1,0,0,0,1011011000,0,0,0,0,0,0,1,0,1,0,0,0,1,1,0,0,1,0,0,0000001010001100100
,,0,1,1,1,0,1,1,0,0,0,0111011000,0,0,0,0,0,0,1,0,1,0,0,0,1,1,0,0,1,0,0,0000001010001100100
,,1,1,1,1,0,1,1,0,0,0,1111011000,0,0,0,0,0,0,1,0,1,0,0,0,1,1,0,0,1,0,0,0000001010001100100
,bgeu,0,0,1,1,1,1,1,0,0,0,0011111000,0,0,0,0,0,0,1,1,0,0,1,1,0,0,0,0,1,0,0,0000001100110000100
,,1,0,1,1,1,1,1,0,0,0,1011111000,0,0,0,0,0,0,1,1,0,0,1,1,0,0,0,0,1,0,0,0000001100110000100
,,0,1,1,1,1,1,1,0,0,0,0111111000,0,0,0,0,0,0,1,1,0,0,1,1,0,0,0,0,1,0,0,0000001100110000100
,,1,1,1,1,1,1,1,0,0,0,1111111000,0,0,0,0,0,0,1,1,0,0,1,1,0,0,0,0,1,0,0,0000001100110000100
JUMP,jalr,0,0,0,0,0,1,1,0,0,1,0000011001,0,0,0,0,0,1,0,0,0,0,0,0,0,0,1,0,0,0,0,0000010000000010000
,,1,0,0,0,0,1,1,0,0,1,1000011001,0,0,0,0,0,1,0,0,0,0,0,0,0,0,1,0,0,0,0,0000010000000010000
,,0,1,0,0,0,1,1,0,0,1,0100011001,0,0,0,0,0,1,0,0,0,0,0,0,0,0,1,0,0,0,0,0000010000000010000
,,1,1,0,0,0,1,1,0,0,1,1100011001,0,0,0,0,0,1,0,0,0,0,0,0,0,0,1,0,0,0,0,0000010000000010000
,jal,0,0,0,0,0,1,1,0,1,1,0000011011,0,0,0,0,0,1,0,0,1,0,0,0,0,0,1,0,1,1,0,0000010010000010110
,,0,1,0,0,0,1,1,0,1,1,0100011011,0,0,0,0,0,1,0,0,1,0,0,0,0,0,1,0,1,1,0,0000010010000010110
,,0,0,0,0,1,1,1,0,1,1,0000111011,0,0,0,0,0,1,0,0,1,0,0,0,0,0,1,0,1,1,0,0000010010000010110
,,0,1,0,0,1,1,1,0,1,1,0100111011,0,0,0,0,0,1,0,0,1,0,0,0,0,0,1,0,1,1,0,0000010010000010110
,,0,0,0,1,0,1,1,0,1,1,0001011011,0,0,0,0,0,1,0,0,1,0,0,0,0,0,1,0,1,1,0,0000010010000010110
,,0,1,0,1,0,1,1,0,1,1,0101011011,0,0,0,0,0,1,0,0,1,0,0,0,0,0,1,0,1,1,0,0000010010000010110
,,0,0,0,1,1,1,1,0,1,1,0001111011,0,0,0,0,0,1,0,0,1,0,0,0,0,0,1,0,1,1,0,0000010010000010110
,,0,1,0,1,1,1,1,0,1,1,0101111011,0,0,0,0,0,1,0,0,1,0,0,0,0,0,1,0,1,1,0,0000010010000010110
,,0,0,1,0,0,1,1,0,1,1,0010011011,0,0,0,0,0,1,0,0,1,0,0,0,0,0,1,0,1,1,0,0000010010000010110
,,0,1,1,0,0,1,1,0,1,1,0110011011,0,0,0,0,0,1,0,0,1,0,0,0,0,0,1,0,1,1,0,0000010010000010110
,,0,0,1,0,1,1,1,0,1,1,0010111011,0,0,0,0,0,1,0,0,1,0,0,0,0,0,1,0,1,1,0,0000010010000010110
,,0,1,1,0,1,1,1,0,1,1,0110111011,0,0,0,0,0,1,0,0,1,0,0,0,0,0,1,0,1,1,0,0000010010000010110
,,0,0,1,1,0,1,1,0,1,1,0011011011,0,0,0,0,0,1,0,0,1,0,0,0,0,0,1,0,1,1,0,0000010010000010110
,,0,1,1,1,0,1,1,0,1,1,0111011011,0,0,0,0,0,1,0,0,1,0,0,0,0,0,1,0,1,1,0,0000010010000010110
,,0,0,1,1,1,1,1,0,1,1,0011111011,0,0,0,0,0,1,0,0,1,0,0,0,0,0,1,0,1,1,0,0000010010000010110
,,0,1,1,1,1,1,1,0,1,1,0111111011,0,0,0,0,0,1,0,0,1,0,0,0,0,0,1,0,1,1,0,0000010010000010110
,,1,0,0,0,0,1,1,0,1,1,1000011011,0,0,0,0,0,1,0,0,1,0,0,0,0,0,1,0,1,1,0,0000010010000010110
,,1,1,0,0,0,1,1,0,1,1,1100011011,0,0,0,0,0,1,0,0,1,0,0,0,0,0,1,0,1,1,0,0000010010000010110
,,1,0,0,0,1,1,1,0,1,1,1000111011,0,0,0,0,0,1,0,0,1,0,0,0,0,0,1,0,1,1,0,0000010010000010110
,,1,1,0,0,1,1,1,0,1,1,1100111011,0,0,0,0,0,1,0,0,1,0,0,0,0,0,1,0,1,1,0,0000010010000010110
,,1,0,0,1,0,1,1,0,1,1,1001011011,0,0,0,0,0,1,0,0,1,0,0,0,0,0,1,0,1,1,0,0000010010000010110
,,1,1,0,1,0,1,1,0,1,1,1101011011,0,0,0,0,0,1,0,0,1,0,0,0,0,0,1,0,1,1,0,0000010010000010110
,,1,0,0,1,1,1,1,0,1,1,1001111011,0,0,0,0,0,1,0,0,1,0,0,0,0,0,1,0,1,1,0,0000010010000010110
,,1,1,0,1,1,1,1,0,1,1,1101111011,0,0,0,0,0,1,0,0,1,0,0,0,0,0,1,0,1,1,0,0000010010000010110
,,1,0,1,0,0,1,1,0,1,1,1010011011,0,0,0,0,0,1,0,0,1,0,0,0,0,0,1,0,1,1,0,0000010010000010110
,,1,1,1,0,0,1,1,0,1,1,1110011011,0,0,0,0,0,1,0,0,1,0,0,0,0,0,1,0,1,1,0,0000010010000010110
,,1,0,1,0,1,1,1,0,1,1,1010111011,0,0,0,0,0,1,0,0,1,0,0,0,0,0,1,0,1,1,0,0000010010000010110
,,1,1,1,0,1,1,1,0,1,1,1110111011,0,0,0,0,0,1,0,0,1,0,0,0,0,0,1,0,1,1,0,0000010010000010110
,,1,0,1,1,0,1,1,0,1,1,1011011011,0,0,0,0,0,1,0,0,1,0,0,0,0,0,1,0,1,1,0,0000010010000010110
,,1,1,1,1,0,1,1,0,1,1,1111011011,0,0,0,0,0,1,0,0,1,0,0,0,0,0,1,0,1,1,0,0000010010000010110
,,1,0,1,1,1,1,1,0,1,1,1011111011,0,0,0,0,0,1,0,0,1,0,0,0,0,0,1,0,1,1,0,0000010010000010110
,,1,1,1,1,1,1,1,0,1,1,1111111011,0,0,0,0,0,1,0,0,1,0,0,0,0,0,1,0,1,1,0,0000010010000010110
LOAD,lb,0,0,0,0,0,0,0,0,0,0,0000000000,0,0,0,1,1,0,0,0,0,0,0,0,0,0,1,0,0,0,1,0001100000000010001
,,1,0,0,0,0,0,0,0,0,0,1000000000,0,0,0,1,1,0,0,0,0,0,0,0,0,0,1,0,0,0,1,0001100000000010001
,,0,1,0,0,0,0,0,0,0,0,0100000000,0,0,0,1,1,0,0,0,0,0,0,0,0,0,1,0,0,0,1,0001100000000010001
,,1,1,0,0,0,0,0,0,0,0,1100000000,0,0,0,1,1,0,0,0,0,0,0,0,0,0,1,0,0,0,1,0001100000000010001
,lh,0,0,0,0,1,0,0,0,0,0,0000100000,0,0,0,0,1,0,0,0,0,0,0,0,0,0,1,0,0,0,1,0000100000000010001
,,1,0,0,0,1,0,0,0,0,0,1000100000,0,0,0,0,1,0,0,0,0,0,0,0,0,0,1,0,0,0,1,0000100000000010001
,,0,1,0,0,1,0,0,0,0,0,0100100000,0,0,0,0,1,0,0,0,0,0,0,0,0,0,1,0,0,0,1,0000100000000010001
,,1,1,0,0,1,0,0,0,0,0,1100100000,0,0,0,0,1,0,0,0,0,0,0,0,0,0,1,0,0,0,1,0000100000000010001
,lw,0,0,0,1,0,0,0,0,0,0,0001000000,0,0,0,1,0,0,0,0,0,0,0,0,0,0,1,0,0,0,1,0001000000000010001
,,1,0,0,1,0,0,0,0,0,0,1001000000,0,0,0,1,0,0,0,0,0,0,0,0,0,0,1,0,0,0,1,0001000000000010001
,,0,1,0,1,0,0,0,0,0,0,0101000000,0,0,0,1,0,0,0,0,0,0,0,0,0,0,1,0,0,0,1,0001000000000010001
,,1,1,0,1,0,0,0,0,0,0,1101000000,0,0,0,1,0,0,0,0,0,0,0,0,0,0,1,0,0,0,1,0001000000000010001
,lbu,0,0,1,0,0,0,0,0,0,0,0010000000,0,0,1,0,0,0,0,0,0,0,0,0,0,0,1,0,0,0,1,0010000000000010001
,,1,0,1,0,0,0,0,0,0,0,1010000000,0,0,1,0,0,0,0,0,0,0,0,0,0,0,1,0,0,0,1,0010000000000010001
,,0,1,1,0,0,0,0,0,0,0,0110000000,0,0,1,0,0,0,0,0,0,0,0,0,0,0,1,0,0,0,1,0010000000000010001
,,1,1,1,0,0,0,0,0,0,0,1110000000,0,0,1,0,0,0,0,0,0,0,0,0,0,0,1,0,0,0,1,0010000000000010001
,lhu,0,0,1,0,1,0,0,0,0,0,0010100000,0,0,1,0,1,0,0,0,0,0,0,0,0,0,1,0,0,0,1,0010100000000010001
,,1,0,1,0,1,0,0,0,0,0,1010100000,0,0,1,0,1,0,0,0,0,0,0,0,0,0,1,0,0,0,1,0010100000000010001
,,0,1,1,0,1,0,0,0,0,0,0110100000,0,0,1,0,1,0,0,0,0,0,0,0,0,0,1,0,0,0,1,0010100000000010001
,,1,1,1,0,1,0,0,0,0,0,1110100000,0,0,1,0,1,0,0,0,0,0,0,0,0,0,1,0,0,0,1,0010100000000010001
,lui,0,0,0,0,0,0,1,1,0,1,0000001101,0,0,1,1,0,0,0,0,0,0,0,0,0,0,1,1,0,0,1,0011000000000011001
,,0,0,0,0,1,0,1,1,0,1,0000101101,0,0,1,1,0,0,0,0,0,0,0,0,0,0,1,1,0,0,1,0011000000000011001
,,0,0,0,1,0,0,1,1,0,1,0001001101,0,0,1,1,0,0,0,0,0,0,0,0,0,0,1,1,0,0,1,0011000000000011001
,,0,0,0,1,1,0,1,1,0,1,0001101101,0,0,1,1,0,0,0,0,0,0,0,0,0,0,1,1,0,0,1,0011000000000011001
,,0,0,1,0,0,0,1,1,0,1,0010001101,0,0,1,1,0,0,0,0,0,0,0,0,0,0,1,1,0,0,1,0011000000000011001
,,0,0,1,0,1,0,1,1,0,1,0010101101,0,0,1,1,0,0,0,0,0,0,0,0,0,0,1,1,0,0,1,0011000000000011001
,,0,0,1,1,0,0,1,1,0,1,0011001101,0,0,1,1,0,0,0,0,0,0,0,0,0,0,1,1,0,0,1,0011000000000011001
,,0,0,1,1,1,0,1,1,0,1,0011101101,0,0,1,1,0,0,0,0,0,0,0,0,0,0,1,1,0,0,1,0011000000000011001
,,1,0,0,0,0,0,1,1,0,1,1000001101,0,0,1,1,0,0,0,0,0,0,0,0,0,0,1,1,0,0,1,0011000000000011001
,,1,0,0,0,1,0,1,1,0,1,1000101101,0,0,1,1,0,0,0,0,0,0,0,0,0,0,1,1,0,0,1,0011000000000011001
,,1,0,0,1,0,0,1,1,0,1,1001001101,0,0,1,1,0,0,0,0,0,0,0,0,0,0,1,1,0,0,1,0011000000000011001
,,1,0,0,1,1,0,1,1,0,1,1001101101,0,0,1,1,0,0,0,0,0,0,0,0,0,0,1,1,0,0,1,0011000000000011001
,,1,0,1,0,0,0,1,1,0,1,1010001101,0,0,1,1,0,0,0,0,0,0,0,0,0,0,1,1,0,0,1,0011000000000011001
,,1,0,1,0,1,0,1,1,0,1,1010101101,0,0,1,1,0,0,0,0,0,0,0,0,0,0,1,1,0,0,1,0011000000000011001
,,1,0,1,1,0,0,1,1,0,1,1011001101,0,0,1,1,0,0,0,0,0,0,0,0,0,0,1,1,0,0,1,0011000000000011001
,,1,0,1,1,1,0,1,1,0,1,1011101101,0,0,1,1,0,0,0,0,0,0,0,0,0,0,1,1,0,0,1,0011000000000011001
,,0,1,0,0,0,0,1,1,0,1,0100001101,0,0,1,1,0,0,0,0,0,0,0,0,0,0,1,1,0,0,1,0011000000000011001
,,0,1,0,0,1,0,1,1,0,1,0100101101,0,0,1,1,0,0,0,0,0,0,0,0,0,0,1,1,0,0,1,0011000000000011001
,,0,1,0,1,0,0,1,1,0,1,0101001101,0,0,1,1,0,0,0,0,0,0,0,0,0,0,1,1,0,0,1,0011000000000011001
,,0,1,0,1,1,0,1,1,0,1,0101101101,0,0,1,1,0,0,0,0,0,0,0,0,0,0,1,1,0,0,1,0011000000000011001
,,0,1,1,0,0,0,1,1,0,1,0110001101,0,0,1,1,0,0,0,0,0,0,0,0,0,0,1,1,0,0,1,0011000000000011001
,,0,1,1,0,1,0,1,1,0,1,0110101101,0,0,1,1,0,0,0,0,0,0,0,0,0,0,1,1,0,0,1,0011000000000011001
,,0,1,1,1,0,0,1,1,0,1,0111001101,0,0,1,1,0,0,0,0,0,0,0,0,0,0,1,1,0,0,1,0011000000000011001
,,0,1,1,1,1,0,1,1,0,1,0111101101,0,0,1,1,0,0,0,0,0,0,0,0,0,0,1,1,0,0,1,0011000000000011001
,,1,1,0,0,0,0,1,1,0,1,1100001101,0,0,1,1,0,0,0,0,0,0,0,0,0,0,1,1,0,0,1,0011000000000011001
,,1,1,0,0,1,0,1,1,0,1,1100101101,0,0,1,1,0,0,0,0,0,0,0,0,0,0,1,1,0,0,1,0011000000000011001
,,1,1,0,1,0,0,1,1,0,1,1101001101,0,0,1,1,0,0,0,0,0,0,0,0,0,0,1,1,0,0,1,0011000000000011001
,,1,1,0,1,1,0,1,1,0,1,1101101101,0,0,1,1,0,0,0,0,0,0,0,0,0,0,1,1,0,0,1,0011000000000011001
,,1,1,1,0,0,0,1,1,0,1,1110001101,0,0,1,1,0,0,0,0,0,0,0,0,0,0,1,1,0,0,1,0011000000000011001
,,1,1,1,0,1,0,1,1,0,1,1110101101,0,0,1,1,0,0,0,0,0,0,0,0,0,0,1,1,0,0,1,0011000000000011001
,,1,1,1,1,0,0,1,1,0,1,1111001101,0,0,1,1,0,0,0,0,0,0,0,0,0,0,1,1,0,0,1,0011000000000011001
,,1,1,1,1,1,0,1,1,0,1,1111101101,0,0,1,1,0,0,0,0,0,0,0,0,0,0,1,1,0,0,1,0011000000000011001
,auipc,0,0,0,0,0,0,0,1,0,1,0000000101,0,0,1,1,1,0,0,0,0,0,0,0,0,0,1,1,0,0,1,0011100000000011001
,,0,0,0,0,1,0,0,1,0,1,0000100101,0,0,1,1,1,0,0,0,0,0,0,0,0,0,1,1,0,0,1,0011100000000011001
,,0,0,0,1,0,0,0,1,0,1,0001000101,0,0,1,1,1,0,0,0,0,0,0,0,0,0,1,1,0,0,1,0011100000000011001
,,0,0,0,1,1,0,0,1,0,1,0001100101,0,0,1,1,1,0,0,0,0,0,0,0,0,0,1,1,0,0,1,0011100000000011001
,,0,0,1,0,0,0,0,1,0,1,0010000101,0,0,1,1,1,0,0,0,0,0,0,0,0,0,1,1,0,0,1,0011100000000011001
,,0,0,1,0,1,0,0,1,0,1,0010100101,0,0,1,1,1,0,0,0,0,0,0,0,0,0,1,1,0,0,1,0011100000000011001
,,0,0,1,1,0,0,0,1,0,1,0011000101,0,0,1,1,1,0,0,0,0,0,0,0,0,0,1,1,0,0,1,0011100000000011001
,,0,0,1,1,1,0,0,1,0,1,0011100101,0,0,1,1,1,0,0,0,0,0,0,0,0,0,1,1,0,0,1,0011100000000011001
,,1,0,0,0,0,0,0,1,0,1,1000000101,0,0,1,1,1,0,0,0,0,0,0,0,0,0,1,1,0,0,1,0011100000000011001
,,1,0,0,0,1,0,0,1,0,1,1000100101,0,0,1,1,1,0,0,0,0,0,0,0,0,0,1,1,0,0,1,0011100000000011001
,,1,0,0,1,0,0,0,1,0,1,1001000101,0,0,1,1,1,0,0,0,0,0,0,0,0,0,1,1,0,0,1,0011100000000011001
,,1,0,0,1,1,0,0,1,0,1,1001100101,0,0,1,1,1,0,0,0,0,0,0,0,0,0,1,1,0,0,1,0011100000000011001
,,1,0,1,0,0,0,0,1,0,1,1010000101,0,0,1,1,1,0,0,0,0,0,0,0,0,0,1,1,0,0,1,0011100000000011001
,,1,0,1,0,1,0,0,1,0,1,1010100101,0,0,1,1,1,0,0,0,0,0,0,0,0,0,1,1,0,0,1,0011100000000011001
,,1,0,1,1,0,0,0,1,0,1,1011000101,0,0,1,1,1,0,0,0,0,0,0,0,0,0,1,1,0,0,1,0011100000000011001
,,1,0,1,1,1,0,0,1,0,1,1011100101,0,0,1,1,1,0,0,0,0,0,0,0,0,0,1,1,0,0,1,0011100000000011001
,,0,1,0,0,0,0,0,1,0,1,0100000101,0,0,1,1,1,0,0,0,0,0,0,0,0,0,1,1,0,0,1,0011100000000011001
,,0,1,0,0,1,0,0,1,0,1,0100100101,0,0,1,1,1,0,0,0,0,0,0,0,0,0,1,1,0,0,1,0011100000000011001
,,0,1,0,1,0,0,0,1,0,1,0101000101,0,0,1,1,1,0,0,0,0,0,0,0,0,0,1,1,0,0,1,0011100000000011001
,,0,1,0,1,1,0,0,1,0,1,0101100101,0,0,1,1,1,0,0,0,0,0,0,0,0,0,1,1,0,0,1,0011100000000011001
,,0,1,1,0,0,0,0,1,0,1,0110000101,0,0,1,1,1,0,0,0,0,0,0,0,0,0,1,1,0,0,1,0011100000000011001
,,0,1,1,0,1,0,0,1,0,1,0110100101,0,0,1,1,1,0,0,0,0,0,0,0,0,0,1,1,0,0,1,0011100000000011001
,,0,1,1,1,0,0,0,1,0,1,0111000101,0,0,1,1,1,0,0,0,0,0,0,0,0,0,1,1,0,0,1,0011100000000011001
,,0,1,1,1,1,0,0,1,0,1,0111100101,0,0,1,1,1,0,0,0,0,0,0,0,0,0,1,1,0,0,1,0011100000000011001
,,1,1,0,0,0,0,0,1,0,1,1100000101,0,0,1,1,1,0,0,0,0,0,0,0,0,0,1,1,0,0,1,0011100000000011001
,,1,1,0,0,1,0,0,1,0,1,1100100101,0,0,1,1,1,0,0,0,0,0,0,0,0,0,1,1,0,0,1,0011100000000011001
,,1,1,0,1,0,0,0,1,0,1,1101000101,0,0,1,1,1,0,0,0,0,0,0,0,0,0,1,1,0,0,1,0011100000000011001
,,1,1,0,1,1,0,0,1,0,1,1101100101,0,0,1,1,1,0,0,0,0,0,0,0,0,0,1,1,0,0,1,0011100000000011001
,,1,1,1,0,0,0,0,1,0,1,1110000101,0,0,1,1,1,0,0,0,0,0,0,0,0,0,1,1,0,0,1,0011100000000011001
,,1,1,1,0,1,0,0,1,0,1,1110100101,0,0,1,1,1,0,0,0,0,0,0,0,0,0,1,1,0,0,1,0011100000000011001
,,1,1,1,1,0,0,0,1,0,1,1111000101,0,0,1,1,1,0,0,0,0,0,0,0,0,0,1,1,0,0,1,0011100000000011001
,,1,1,1,1,1,0,0,1,0,1,1111100101,0,0,1,1,1,0,0,0,0,0,0,0,0,0,1,1,0,0,1,0011100000000011001
STORE,sb,0,0,0,0,0,0,1,0,0,0,0000001000,0,1,0,0,0,0,0,0,0,0,0,0,0,0,0,0,0,1,1,0100000000000000011
,,1,0,0,0,0,0,1,0,0,0,1000001000,0,1,0,0,0,0,0,0,0,0,0,0,0,0,0,0,0,1,1,0100000000000000011
,,0,1,0,0,0,0,1,0,0,0,0100001000,0,1,0,0,0,0,0,0,0,0,0,0,0,0,0,0,0,1,1,0100000000000000011
,,1,1,0,0,0,0,1,0,0,0,1100001000,0,1,0,0,0,0,0,0,0,0,0,0,0,0,0,0,0,1,1,0100000000000000011
,sh,0,0,0,0,1,0,1,0,0,0,0000101000,1,0,0,0,0,0,0,0,0,0,0,0,0,0,0,0,0,1,1,1000000000000000011
,,1,0,0,0,1,0,1,0,0,0,1000101000,1,0,0,0,0,0,0,0,0,0,0,0,0,0,0,0,0,1,1,1000000000000000011
,,0,1,0,0,1,0,1,0,0,0,0100101000,1,0,0,0,0,0,0,0,0,0,0,0,0,0,0,0,0,1,1,1000000000000000011
,,1,1,0,0,1,0,1,0,0,0,1100101000,1,0,0,0,0,0,0,0,0,0,0,0,0,0,0,0,0,1,1,1000000000000000011
,sw,0,0,0,1,0,0,1,0,0,0,0001001000,1,1,0,0,0,0,0,0,0,0,0,0,0,0,0,0,0,1,1,1100000000000000011
,,1,0,0,1,0,0,1,0,0,0,1001001000,1,1,0,0,0,0,0,0,0,0,0,0,0,0,0,0,0,1,1,1100000000000000011
,,0,1,0,1,0,0,1,0,0,0,0101001000,1,1,0,0,0,0,0,0,0,0,0,0,0,0,0,0,0,1,1,1100000000000000011
,,1,1,0,1,0,0,1,0,0,0,1101001000,1,1,0,0,0,0,0,0,0,0,0,0,0,0,0,0,0,1,1,1100000000000000011